iso_code,year,country,hot_days,visits,demo,demo_total,country_total,ratio_type,dep_percent
AUT,1992,Austria,6.95,224,_T,7840709,7840709,DEPEND_RATIO_OLD,24.357
AUT,1993,Austria,2.23,97,_T,7905632,7905632,DEPEND_RATIO_OLD,24.343
AUT,1994,Austria,6.64,102,_T,7936118,7936118,DEPEND_RATIO_OLD,24.476
AUT,1995,Austria,2.41,243,_T,7948278,7948278,DEPEND_RATIO_OLD,24.679
AUT,1996,Austria,0.5,33718,_T,7959016,7959016,DEPEND_RATIO_OLD,24.864
AUT,1997,Austria,0.32,32473,_T,7968041,7968041,DEPEND_RATIO_OLD,25.013
AUT,1998,Austria,4.12,33113,_T,7976789,7976789,DEPEND_RATIO_OLD,25.117
AUT,1999,Austria,1.17,36094,_T,7992323,7992323,DEPEND_RATIO_OLD,25.133
AUT,2000,Austria,4.58,33508,_T,8011566,8011566,DEPEND_RATIO_OLD,25.093
AUT,2001,Austria,3.15,35615,_T,8042293,8042293,DEPEND_RATIO_OLD,25.059
AUT,2002,Austria,3.29,31077,_T,8080292,8080292,DEPEND_RATIO_OLD,24.935
AUT,2003,Austria,11.08,29545,_T,8114402,8114402,DEPEND_RATIO_OLD,24.83
AUT,2004,Austria,1.37,32520,_T,8166432,8166432,DEPEND_RATIO_OLD,25.281
AUT,2005,Austria,2.51,37388,_T,8222090,8222090,DEPEND_RATIO_OLD,26.263
AUT,2006,Austria,4.67,34912,_T,8265675,8265675,DEPEND_RATIO_OLD,27.053
AUT,2007,Austria,5.44,32820,_T,8293654,8293654,DEPEND_RATIO_OLD,27.719
AUT,2008,Austria,2.01,33494,_T,8319388,8319388,DEPEND_RATIO_OLD,28.084
AUT,2009,Austria,2.11,35136,_T,8338752,8338752,DEPEND_RATIO_OLD,28.537
AUT,2010,Austria,4.53,50870,_T,8357367,8357367,DEPEND_RATIO_OLD,28.75
AUT,2011,Austria,4.02,54409,_T,8384901,8384901,DEPEND_RATIO_OLD,28.578
AUT,2012,Austria,6.72,62192,_T,8420328,8420328,DEPEND_RATIO_OLD,29.054
AUT,2013,Austria,9.23,68350,_T,8472176,8472176,DEPEND_RATIO_OLD,29.427
AUT,2014,Austria,2.3,71594,_T,8538350,8538350,DEPEND_RATIO_OLD,29.77
AUT,2015,Austria,14.04,63718,_T,8618709,8618709,DEPEND_RATIO_OLD,29.891
AUT,2016,Austria,2.25,64222,_T,8737663,8737663,DEPEND_RATIO_OLD,29.904
AUT,2017,Austria,7.6,81661,_T,8790624,8790624,DEPEND_RATIO_OLD,30.074
AUT,2018,Austria,5.87,92550,_T,8833192,8833192,DEPEND_RATIO_OLD,30.377
AUT,2019,Austria,8.29,96698,_T,8872344,8872344,DEPEND_RATIO_OLD,30.721
AUT,2020,Austria,3.32,26312,_T,8912293,8912293,DEPEND_RATIO_OLD,31.151
AUT,2021,Austria,4.44,50144,_T,8945279,8945279,DEPEND_RATIO_OLD,31.575
AUT,2022,Austria,6.71,106575,_T,9058407,9058407,DEPEND_RATIO_OLD,31.914
AUT,2023,Austria,7.75,149403,_T,9125730,9125730,DEPEND_RATIO_OLD,32.357
AUT,2024,Austria,,172850,_T,9174908,9174908,DEPEND_RATIO_OLD,33.054
BEL,1992,Belgium,1.03,643,_T,10045165,10045165,DEPEND_RATIO_OLD,25.386
BEL,1993,Belgium,0.12,993,_T,10084479,10084479,DEPEND_RATIO_OLD,25.678
BEL,1994,Belgium,6.06,444,_T,10115601,10115601,DEPEND_RATIO_OLD,26.01
BEL,1995,Belgium,6.76,688,_T,10136814,10136814,DEPEND_RATIO_OLD,26.463
BEL,1996,Belgium,0.94,75007,_T,10156641,10156641,DEPEND_RATIO_OLD,26.953
BEL,1997,Belgium,1.68,66330,_T,10181246,10181246,DEPEND_RATIO_OLD,27.386
BEL,1998,Belgium,3.48,70620,_T,10203012,10203012,DEPEND_RATIO_OLD,27.732
BEL,1999,Belgium,0.45,69018,_T,10226419,10226419,DEPEND_RATIO_OLD,27.984
BEL,2000,Belgium,1.21,24480,_T,10251251,10251251,DEPEND_RATIO_OLD,28.177
BEL,2001,Belgium,3.72,69248,_T,10286571,10286571,DEPEND_RATIO_OLD,28.317
BEL,2002,Belgium,3.17,21549,_T,10332786,10332786,DEPEND_RATIO_OLD,28.433
BEL,2003,Belgium,9.58,70805,_T,10376131,10376131,DEPEND_RATIO_OLD,28.583
BEL,2004,Belgium,1.26,63818,_T,10421136,10421136,DEPEND_RATIO_OLD,28.775
BEL,2005,Belgium,4.78,62076,_T,10478620,10478620,DEPEND_RATIO_OLD,28.854
BEL,2006,Belgium,6.86,63127,_T,10547956,10547956,DEPEND_RATIO_OLD,28.707
BEL,2007,Belgium,0.41,62459,_T,10624835,10624835,DEPEND_RATIO_OLD,28.511
BEL,2008,Belgium,0.49,64109,_T,10709108,10709108,DEPEND_RATIO_OLD,28.466
BEL,2009,Belgium,2.07,72199,_T,10796498,10796498,DEPEND_RATIO_OLD,28.56
BEL,2010,Belgium,4.06,81476,_T,10895591,10895591,DEPEND_RATIO_OLD,28.651
BEL,2011,Belgium,1.82,99968,_T,10993609,10993609,DEPEND_RATIO_OLD,28.914
BEL,2012,Belgium,2.12,97894,_T,11067748,11067748,DEPEND_RATIO_OLD,29.367
BEL,2013,Belgium,4.21,104418,_T,11125033,11125033,DEPEND_RATIO_OLD,29.813
BEL,2014,Belgium,1.28,113570,_T,11179778,11179778,DEPEND_RATIO_OLD,30.299
BEL,2015,Belgium,5.93,122903,_T,11238474,11238474,DEPEND_RATIO_OLD,30.749
BEL,2016,Belgium,5.41,152109,_T,11295003,11295003,DEPEND_RATIO_OLD,31.163
BEL,2017,Belgium,4.04,162225,_T,11349081,11349081,DEPEND_RATIO_OLD,31.611
BEL,2018,Belgium,7.6,189438,_T,11403740,11403740,DEPEND_RATIO_OLD,32.072
BEL,2019,Belgium,8.51,202579,_T,11462023,11462023,DEPEND_RATIO_OLD,32.554
BEL,2020,Belgium,10.77,49206,_T,11506938,11506938,DEPEND_RATIO_OLD,32.976
BEL,2021,Belgium,0.58,114655,_T,11552615,11552615,DEPEND_RATIO_OLD,33.403
BEL,2022,Belgium,8.36,250544,_T,11640788,11640788,DEPEND_RATIO_OLD,33.854
BEL,2023,Belgium,2.86,283915,_T,11730606,11730606,DEPEND_RATIO_OLD,34.335
BEL,2024,Belgium,,264352,_T,11794601,11794601,DEPEND_RATIO_OLD,34.943
CAN,1992,Canada,0.7,0,_T,28371264,28371264,DEPEND_RATIO_OLD,19.046
CAN,1993,Canada,0.44,0,_T,28684764,28684764,DEPEND_RATIO_OLD,19.279
CAN,1994,Canada,1.06,0,_T,29000663,29000663,DEPEND_RATIO_OLD,19.461
CAN,1995,Canada,1.94,0,_T,29302311,29302311,DEPEND_RATIO_OLD,19.655
CAN,1996,Canada,1.28,13132,_T,29610218,29610218,DEPEND_RATIO_OLD,19.846
CAN,1997,Canada,1.05,14441,_T,29905948,29905948,DEPEND_RATIO_OLD,20.028
CAN,1998,Canada,1.89,14433,_T,30155173,30155173,DEPEND_RATIO_OLD,20.218
CAN,1999,Canada,0.98,19065,_T,30401286,30401286,DEPEND_RATIO_OLD,20.328
CAN,2000,Canada,0.69,29650,_T,30685730,30685730,DEPEND_RATIO_OLD,20.426
CAN,2001,Canada,2.04,35916,_T,31020855,31020855,DEPEND_RATIO_OLD,20.498
CAN,2002,Canada,2.19,36512,_T,31359199,31359199,DEPEND_RATIO_OLD,20.547
CAN,2003,Canada,2.35,33858,_T,31642461,31642461,DEPEND_RATIO_OLD,20.653
CAN,2004,Canada,0.63,26183,_T,31938807,31938807,DEPEND_RATIO_OLD,20.777
CAN,2005,Canada,2.13,27473,_T,32242732,32242732,DEPEND_RATIO_OLD,20.907
CAN,2006,Canada,1.89,33053,_T,32571193,32571193,DEPEND_RATIO_OLD,21.179
CAN,2007,Canada,2.54,31174,_T,32888886,32888886,DEPEND_RATIO_OLD,21.448
CAN,2008,Canada,1.05,37339,_T,33247298,33247298,DEPEND_RATIO_OLD,21.791
CAN,2009,Canada,1.01,40262,_T,33630069,33630069,DEPEND_RATIO_OLD,22.147
CAN,2010,Canada,0.81,43752,_T,34005902,34005902,DEPEND_RATIO_OLD,22.523
CAN,2011,Canada,1.16,57354,_T,34339221,34339221,DEPEND_RATIO_OLD,23.025
CAN,2012,Canada,1.88,58698,_T,34713395,34713395,DEPEND_RATIO_OLD,23.757
CAN,2013,Canada,1.5,64561,_T,35080992,35080992,DEPEND_RATIO_OLD,24.481
CAN,2014,Canada,1.15,62424,_T,35434066,35434066,DEPEND_RATIO_OLD,25.175
CAN,2015,Canada,1.36,66461,_T,35704498,35704498,DEPEND_RATIO_OLD,25.905
CAN,2016,Canada,0.92,69857,_T,36110803,36110803,DEPEND_RATIO_OLD,26.625
CAN,2017,Canada,1.62,81488,_T,36545075,36545075,DEPEND_RATIO_OLD,27.333
CAN,2018,Canada,2.66,96519,_T,37072620,37072620,DEPEND_RATIO_OLD,27.975
CAN,2019,Canada,0.9,98415,_T,37618495,37618495,DEPEND_RATIO_OLD,28.701
CAN,2020,Canada,2.24,12182,_T,38028638,38028638,DEPEND_RATIO_OLD,29.556
CAN,2021,Canada,4.59,10790,_T,38239864,38239864,DEPEND_RATIO_OLD,30.576
CAN,2022,Canada,2.17,63195,_T,38935934,38935934,DEPEND_RATIO_OLD,31.227
CAN,2023,Canada,2.66,94694,_T,40083484,40083484,DEPEND_RATIO_OLD,31.35
CAN,2024,Canada,,111635,_T,41288599,41288599,DEPEND_RATIO_OLD,31.421
CHE,1992,Switzerland,1.72,36074,_T,6875364,6875364,DEPEND_RATIO_OLD,23.41
CHE,1993,Switzerland,0.19,33158,_T,6938265,6938265,DEPEND_RATIO_OLD,23.478
CHE,1994,Switzerland,1.33,31854,_T,6993795,6993795,DEPEND_RATIO_OLD,23.597
CHE,1995,Switzerland,0.92,34666,_T,7040687,7040687,DEPEND_RATIO_OLD,23.77
CHE,1996,Switzerland,0.01,89038,_T,7071851,7071851,DEPEND_RATIO_OLD,23.985
CHE,1997,Switzerland,0.0,78638,_T,7088906,7088906,DEPEND_RATIO_OLD,24.234
CHE,1998,Switzerland,2.28,80991,_T,7110002,7110002,DEPEND_RATIO_OLD,24.479
CHE,1999,Switzerland,0.21,82453,_T,7143991,7143991,DEPEND_RATIO_OLD,24.703
CHE,2000,Switzerland,0.25,91877,_T,7184250,7184250,DEPEND_RATIO_OLD,24.911
CHE,2001,Switzerland,0.14,96401,_T,7226647,7226647,DEPEND_RATIO_OLD,25.171
CHE,2002,Switzerland,0.97,101065,_T,7284754,7284754,DEPEND_RATIO_OLD,25.21
CHE,2003,Switzerland,7.47,92031,_T,7339002,7339002,DEPEND_RATIO_OLD,25.259
CHE,2004,Switzerland,0.07,85820,_T,7389626,7389626,DEPEND_RATIO_OLD,25.405
CHE,2005,Switzerland,1.45,96834,_T,7437116,7437116,DEPEND_RATIO_OLD,25.608
CHE,2006,Switzerland,2.35,102887,_T,7483935,7483935,DEPEND_RATIO_OLD,25.896
CHE,2007,Switzerland,0.61,111958,_T,7551117,7551117,DEPEND_RATIO_OLD,26.224
CHE,2008,Switzerland,0.15,110178,_T,7647676,7647676,DEPEND_RATIO_OLD,26.5
CHE,2009,Switzerland,1.13,122834,_T,7743832,7743832,DEPEND_RATIO_OLD,26.819
CHE,2010,Switzerland,1.65,134163,_T,7824910,7824910,DEPEND_RATIO_OLD,27.22
CHE,2011,Switzerland,1.67,176550,_T,7912396,7912396,DEPEND_RATIO_OLD,27.373
CHE,2012,Switzerland,1.54,184291,_T,7996861,7996861,DEPEND_RATIO_OLD,27.793
CHE,2013,Switzerland,3.07,185195,_T,8089346,8089346,DEPEND_RATIO_OLD,28.171
CHE,2014,Switzerland,0.99,208220,_T,8188646,8188646,DEPEND_RATIO_OLD,28.522
CHE,2015,Switzerland,6.5,226086,_T,8282398,8282398,DEPEND_RATIO_OLD,28.842
CHE,2016,Switzerland,1.76,234405,_T,8373334,8373334,DEPEND_RATIO_OLD,29.128
CHE,2017,Switzerland,2.77,248409,_T,8451834,8451834,DEPEND_RATIO_OLD,29.444
CHE,2018,Switzerland,3.58,286057,_T,8514327,8514327,DEPEND_RATIO_OLD,29.813
CHE,2019,Switzerland,4.75,297736,_T,8575280,8575280,DEPEND_RATIO_OLD,30.198
CHE,2020,Switzerland,1.91,79212,_T,8638169,8638169,DEPEND_RATIO_OLD,30.531
CHE,2021,Switzerland,0.43,139483,_T,8704542,8704542,DEPEND_RATIO_OLD,30.904
CHE,2022,Switzerland,4.73,311780,_T,8777085,8777085,DEPEND_RATIO_OLD,31.327
CHE,2023,Switzerland,4.6,367659,_T,8888818,8888818,DEPEND_RATIO_OLD,31.649
CHE,2024,Switzerland,,384906,_T,9005581,9005581,DEPEND_RATIO_OLD,32.033
DEU,1992,Germany,6.17,18128012,_T,80624601,80624601,DEPEND_RATIO_OLD,23.654
DEU,1993,Germany,0.6,19814481,_T,81156368,81156368,DEPEND_RATIO_OLD,23.853
DEU,1994,Germany,12.23,19351882,_T,81438346,81438346,DEPEND_RATIO_OLD,24.197
DEU,1995,Germany,6.18,19794759,_T,81678046,81678046,DEPEND_RATIO_OLD,24.562
DEU,1996,Germany,1.34,19199514,_T,81914834,81914834,DEPEND_RATIO_OLD,24.859
DEU,1997,Germany,2.57,18443939,_T,82034775,82034775,DEPEND_RATIO_OLD,25.093
DEU,1998,Germany,5.34,17882341,_T,82047197,82047197,DEPEND_RATIO_OLD,25.321
DEU,1999,Germany,2.47,16112795,_T,82100243,82100243,DEPEND_RATIO_OLD,25.732
DEU,2000,Germany,3.49,15665787,_T,82211501,82211501,DEPEND_RATIO_OLD,26.396
DEU,2001,Germany,4.47,15001762,_T,82349926,82349926,DEPEND_RATIO_OLD,27.138
DEU,2002,Germany,3.95,15111464,_T,82488493,82488493,DEPEND_RATIO_OLD,27.912
DEU,2003,Germany,14.42,15342041,_T,82534175,82534175,DEPEND_RATIO_OLD,28.787
DEU,2004,Germany,1.77,13936327,_T,82516268,82516268,DEPEND_RATIO_OLD,29.872
DEU,2005,Germany,4.27,13183914,_T,82469421,82469421,DEPEND_RATIO_OLD,31.081
DEU,2006,Germany,9.66,13524079,_T,82376447,82376447,DEPEND_RATIO_OLD,32.203
DEU,2007,Germany,2.61,13747320,_T,82266373,82266373,DEPEND_RATIO_OLD,32.954
DEU,2008,Germany,4.04,12828560,_T,82110097,82110097,DEPEND_RATIO_OLD,33.439
DEU,2009,Germany,2.14,12448882,_T,81902308,81902308,DEPEND_RATIO_OLD,33.897
DEU,2010,Germany,8.11,12731836,_T,81776936,81776936,DEPEND_RATIO_OLD,33.954
DEU,2011,Germany,2.24,13093631,_T,80274981,80274981,DEPEND_RATIO_OLD,33.99
DEU,2012,Germany,4.63,12727253,_T,80425826,80425826,DEPEND_RATIO_OLD,33.995
DEU,2013,Germany,7.54,12352986,_T,80645605,80645605,DEPEND_RATIO_OLD,34.142
DEU,2014,Germany,3.48,13130416,_T,80982495,80982495,DEPEND_RATIO_OLD,34.428
DEU,2015,Germany,13.83,14047352,_T,81686608,81686608,DEPEND_RATIO_OLD,34.68
DEU,2016,Germany,6.37,15018365,_T,82348669,82348669,DEPEND_RATIO_OLD,34.951
DEU,2017,Germany,3.65,15419314,_T,82657000,82657000,DEPEND_RATIO_OLD,35.353
DEU,2018,Germany,12.75,15932934,_T,82905788,82905788,DEPEND_RATIO_OLD,35.71
DEU,2019,Germany,11.87,17045561,_T,83092956,83092956,DEPEND_RATIO_OLD,36.123
DEU,2020,Germany,7.47,13137530,_T,83160877,83160877,DEPEND_RATIO_OLD,34.5497641013766
DEU,2021,Germany,2.77,13442062,_T,83196076,83196076,DEPEND_RATIO_OLD,34.9904778856214
DEU,2022,Germany,10.51,19730281,_T,83797987,83797987,DEPEND_RATIO_OLD,35.3020942065418
DEU,2023,Germany,6.27,20304501,_T,83287281,83287281,DEPEND_RATIO_OLD,35.6064921239287
DEU,2024,Germany,,21217780,_T,83620575,83620575,DEPEND_RATIO_OLD,36.106129512878
ESP,1992,Spain,33.14,3,_T,39147940,39147940,DEPEND_RATIO_OLD,24.146
ESP,1993,Spain,31.03,3,_T,39356082,39356082,DEPEND_RATIO_OLD,24.481
ESP,1994,Spain,47.41,6,_T,39547353,39547353,DEPEND_RATIO_OLD,24.834
ESP,1995,Spain,33.49,3,_T,39718895,39718895,DEPEND_RATIO_OLD,25.195
ESP,1996,Spain,31.77,72127,_T,39884246,39884246,DEPEND_RATIO_OLD,25.536
ESP,1997,Spain,26.19,80856,_T,40049974,40049974,DEPEND_RATIO_OLD,25.866
ESP,1998,Spain,42.32,64168,_T,40214066,40214066,DEPEND_RATIO_OLD,26.229
ESP,1999,Spain,40.8,59234,_T,40369667,40369667,DEPEND_RATIO_OLD,26.498
ESP,2000,Spain,43.79,74721,_T,40554387,40554387,DEPEND_RATIO_OLD,26.772
ESP,2001,Spain,45.16,66912,_T,40766049,40766049,DEPEND_RATIO_OLD,27.132
ESP,2002,Spain,36.07,79224,_T,41423520,41423520,DEPEND_RATIO_OLD,27.057
ESP,2003,Spain,54.91,77711,_T,42196231,42196231,DEPEND_RATIO_OLD,26.782
ESP,2004,Spain,44.53,94103,_T,42859172,42859172,DEPEND_RATIO_OLD,26.343
ESP,2005,Spain,50.21,121180,_T,43662613,43662613,DEPEND_RATIO_OLD,26.009
ESP,2006,Spain,51.35,121218,_T,44360521,44360521,DEPEND_RATIO_OLD,26.062
ESP,2007,Spain,34.61,133023,_T,45236004,45236004,DEPEND_RATIO_OLD,25.806
ESP,2008,Spain,37.94,131324,_T,45983169,45983169,DEPEND_RATIO_OLD,25.832
ESP,2009,Spain,52.19,141109,_T,46367550,46367550,DEPEND_RATIO_OLD,26.219
ESP,2010,Spain,44.08,156883,_T,46562483,46562483,DEPEND_RATIO_OLD,26.792
ESP,2011,Spain,47.91,154962,_T,46736257,46736257,DEPEND_RATIO_OLD,27.36
ESP,2012,Spain,55.27,135890,_T,46749303,46749303,DEPEND_RATIO_OLD,27.883
ESP,2013,Spain,45.86,134334,_T,46581124,46581124,DEPEND_RATIO_OLD,28.698
ESP,2014,Spain,40.09,160172,_T,46433050,46433050,DEPEND_RATIO_OLD,29.503
ESP,2015,Spain,54.57,180619,_T,46384379,46384379,DEPEND_RATIO_OLD,30.051
ESP,2016,Spain,56.5,229117,_T,46427100,46427100,DEPEND_RATIO_OLD,30.556
ESP,2017,Spain,60.03,254417,_T,46510461,46510461,DEPEND_RATIO_OLD,31.021
ESP,2018,Spain,48.91,295416,_T,46715383,46715383,DEPEND_RATIO_OLD,31.417
ESP,2019,Spain,51.56,296477,_T,47087778,47087778,DEPEND_RATIO_OLD,31.728
ESP,2020,Spain,51.93,61087,_T,47344852,47344852,DEPEND_RATIO_OLD,31.955
ESP,2021,Spain,45.07,105115,_T,47346836,47346836,DEPEND_RATIO_OLD,32.532
ESP,2022,Spain,66.83,276856,_T,47781354,47781354,DEPEND_RATIO_OLD,32.927
ESP,2023,Spain,57.55,333852,_T,48320520,48320520,DEPEND_RATIO_OLD,33.319
ESP,2024,Spain,,371948,_T,48807137,48807137,DEPEND_RATIO_OLD,33.785
FIN,1992,Finland,0.03,177317,_T,5041990,5041990,DEPEND_RATIO_OLD,22.463
FIN,1993,Finland,0.0,119236,_T,5066452,5066452,DEPEND_RATIO_OLD,22.787
FIN,1994,Finland,0.96,125899,_T,5088324,5088324,DEPEND_RATIO_OLD,23.168
FIN,1995,Finland,0.04,119348,_T,5107787,5107787,DEPEND_RATIO_OLD,23.557
FIN,1996,Finland,0.0,128554,_T,5124573,5124573,DEPEND_RATIO_OLD,23.874
FIN,1997,Finland,0.34,132048,_T,5139839,5139839,DEPEND_RATIO_OLD,24.116
FIN,1998,Finland,0.04,124549,_T,5153499,5153499,DEPEND_RATIO_OLD,24.274
FIN,1999,Finland,0.29,132740,_T,5165470,5165470,DEPEND_RATIO_OLD,24.422
FIN,2000,Finland,0.21,156845,_T,5176203,5176203,DEPEND_RATIO_OLD,24.652
FIN,2001,Finland,0.03,147957,_T,5188005,5188005,DEPEND_RATIO_OLD,24.903
FIN,2002,Finland,0.02,139090,_T,5200598,5200598,DEPEND_RATIO_OLD,25.156
FIN,2003,Finland,0.57,140125,_T,5213010,5213010,DEPEND_RATIO_OLD,25.485
FIN,2004,Finland,0.0,136474,_T,5228173,5228173,DEPEND_RATIO_OLD,25.934
FIN,2005,Finland,0.01,143970,_T,5246100,5246100,DEPEND_RATIO_OLD,26.293
FIN,2006,Finland,0.32,140279,_T,5266266,5266266,DEPEND_RATIO_OLD,26.85
FIN,2007,Finland,0.0,149183,_T,5288719,5288719,DEPEND_RATIO_OLD,27.333
FIN,2008,Finland,0.0,131471,_T,5313398,5313398,DEPEND_RATIO_OLD,27.577
FIN,2009,Finland,0.0,132467,_T,5338867,5338867,DEPEND_RATIO_OLD,28.042
FIN,2010,Finland,2.53,152343,_T,5363341,5363341,DEPEND_RATIO_OLD,28.783
FIN,2011,Finland,0.61,181724,_T,5388272,5388272,DEPEND_RATIO_OLD,29.92
FIN,2012,Finland,0.02,215006,_T,5413967,5413967,DEPEND_RATIO_OLD,31.21
FIN,2013,Finland,0.11,202044,_T,5438975,5438975,DEPEND_RATIO_OLD,32.507
FIN,2014,Finland,0.44,195599,_T,5461507,5461507,DEPEND_RATIO_OLD,33.755
FIN,2015,Finland,0.01,187943,_T,5479528,5479528,DEPEND_RATIO_OLD,34.906
FIN,2016,Finland,0.0,191409,_T,5495297,5495297,DEPEND_RATIO_OLD,35.924
FIN,2017,Finland,0.0,208212,_T,5508209,5508209,DEPEND_RATIO_OLD,36.927
FIN,2018,Finland,2.2,244062,_T,5515525,5515525,DEPEND_RATIO_OLD,37.952
FIN,2019,Finland,0.83,212804,_T,5521605,5521605,DEPEND_RATIO_OLD,38.909
FIN,2020,Finland,0.28,35626,_T,5529545,5529545,DEPEND_RATIO_OLD,39.827
FIN,2021,Finland,1.69,44770,_T,5541020,5541020,DEPEND_RATIO_OLD,40.667
FIN,2022,Finland,0.67,176524,_T,5556108,5556108,DEPEND_RATIO_OLD,41.27
FIN,2023,Finland,0.19,200907,_T,5583901,5583901,DEPEND_RATIO_OLD,41.538
FIN,2024,Finland,,207546,_T,5619914,5619914,DEPEND_RATIO_OLD,41.786
FRA,1992,France,7.89,138251,_T,58711615,58711615,DEPEND_RATIO_OLD,24.43
FRA,1993,France,4.08,129612,_T,58961049,58961049,DEPEND_RATIO_OLD,24.739
FRA,1994,France,12.55,124791,_T,59175335,59175335,DEPEND_RATIO_OLD,25.09
FRA,1995,France,10.99,119187,_T,59383991,59383991,DEPEND_RATIO_OLD,25.513
FRA,1996,France,4.98,115237,_T,59589289,59589289,DEPEND_RATIO_OLD,25.953
FRA,1997,France,6.54,132280,_T,59795263,59795263,DEPEND_RATIO_OLD,26.356
FRA,1998,France,9.52,118533,_T,60011008,60011008,DEPEND_RATIO_OLD,26.694
FRA,1999,France,5.63,109737,_T,60315406,60315406,DEPEND_RATIO_OLD,26.972
FRA,2000,France,7.19,112375,_T,60724780,60724780,DEPEND_RATIO_OLD,27.195
FRA,2001,France,10.15,115779,_T,61163237,61163237,DEPEND_RATIO_OLD,27.372
FRA,2002,France,6.51,123252,_T,61604550,61604550,DEPEND_RATIO_OLD,27.53
FRA,2003,France,26.1,125359,_T,62037544,62037544,DEPEND_RATIO_OLD,27.655
FRA,2004,France,8.16,125766,_T,62490800,62490800,DEPEND_RATIO_OLD,27.818
FRA,2005,France,13.96,136364,_T,62958328,62958328,DEPEND_RATIO_OLD,27.941
FRA,2006,France,16.31,143707,_T,63393406,63393406,DEPEND_RATIO_OLD,27.898
FRA,2007,France,4.17,136223,_T,63781275,63781275,DEPEND_RATIO_OLD,27.883
FRA,2008,France,5.18,134593,_T,64133174,64133174,DEPEND_RATIO_OLD,28.024
FRA,2009,France,11.33,150942,_T,64458715,64458715,DEPEND_RATIO_OLD,28.23
FRA,2010,France,9.22,173540,_T,64773169,64773169,DEPEND_RATIO_OLD,28.461
FRA,2011,France,7.78,199279,_T,65087317,65087317,DEPEND_RATIO_OLD,29.0
FRA,2012,France,11.46,206817,_T,65402998,65402998,DEPEND_RATIO_OLD,29.883
FRA,2013,France,11.0,207673,_T,65735961,65735961,DEPEND_RATIO_OLD,30.855
FRA,2014,France,4.84,219820,_T,66276671,66276671,DEPEND_RATIO_OLD,31.806
FRA,2015,France,18.48,212936,_T,66512558,66512558,DEPEND_RATIO_OLD,32.82
FRA,2016,France,13.95,246013,_T,66688563,66688563,DEPEND_RATIO_OLD,33.801
FRA,2017,France,15.81,267505,_T,66883314,66883314,DEPEND_RATIO_OLD,34.689
FRA,2018,France,17.17,309922,_T,67125071,67125071,DEPEND_RATIO_OLD,35.495
FRA,2019,France,20.91,359973,_T,67349922,67349922,DEPEND_RATIO_OLD,36.277
FRA,2020,France,18.78,89180,_T,67569466,67569466,DEPEND_RATIO_OLD,36.901
FRA,2021,France,7.93,165274,_T,67878650,67878650,DEPEND_RATIO_OLD,37.359
FRA,2022,France,27.39,371859,_T,68153150,68153150,DEPEND_RATIO_OLD,37.834
FRA,2023,France,20.13,471094,_T,68341348,68341348,DEPEND_RATIO_OLD,38.392
FRA,2024,France,,498945,_T,68521113,68521113,DEPEND_RATIO_OLD,39.014
GBR,1992,United Kingdom,0.04,368968,_T,57584530,57584530,DEPEND_RATIO_OLD,26.925
GBR,1993,United Kingdom,0.05,361297,_T,57713889,57713889,DEPEND_RATIO_OLD,26.929
GBR,1994,United Kingdom,0.13,407339,_T,57862145,57862145,DEPEND_RATIO_OLD,26.901
GBR,1995,United Kingdom,0.65,389924,_T,58024799,58024799,DEPEND_RATIO_OLD,26.956
GBR,1996,United Kingdom,0.17,384067,_T,58164374,58164374,DEPEND_RATIO_OLD,26.985
GBR,1997,United Kingdom,0.05,383426,_T,58314249,58314249,DEPEND_RATIO_OLD,27.009
GBR,1998,United Kingdom,0.07,380647,_T,58474943,58474943,DEPEND_RATIO_OLD,27.023
GBR,1999,United Kingdom,0.12,413441,_T,58684427,58684427,DEPEND_RATIO_OLD,26.894
GBR,2000,United Kingdom,0.08,493159,_T,58886065,58886065,DEPEND_RATIO_OLD,26.791
GBR,2001,United Kingdom,0.13,561812,_T,59113016,59113016,DEPEND_RATIO_OLD,26.814
GBR,2002,United Kingdom,0.07,530452,_T,59365677,59365677,DEPEND_RATIO_OLD,26.824
GBR,2003,United Kingdom,0.84,497576,_T,59636662,59636662,DEPEND_RATIO_OLD,26.846
GBR,2004,United Kingdom,0.06,590439,_T,59950364,59950364,DEPEND_RATIO_OLD,26.831
GBR,2005,United Kingdom,0.15,591297,_T,60413276,60413276,DEPEND_RATIO_OLD,26.714
GBR,2006,United Kingdom,0.9,590737,_T,60827067,60827067,DEPEND_RATIO_OLD,26.554
GBR,2007,United Kingdom,0.07,588805,_T,61319075,61319075,DEPEND_RATIO_OLD,26.549
GBR,2008,United Kingdom,0.07,539724,_T,61823772,61823772,DEPEND_RATIO_OLD,26.742
GBR,2009,United Kingdom,0.07,478902,_T,62260486,62260486,DEPEND_RATIO_OLD,27.082
GBR,2010,United Kingdom,0.08,529800,_T,62759456,62759456,DEPEND_RATIO_OLD,27.41
GBR,2011,United Kingdom,0.09,594662,_T,63285145,63285145,DEPEND_RATIO_OLD,27.713
GBR,2012,United Kingdom,0.07,614315,_T,63710843,63710843,DEPEND_RATIO_OLD,28.688
GBR,2013,United Kingdom,0.29,673264,_T,64138721,64138721,DEPEND_RATIO_OLD,29.345
GBR,2014,United Kingdom,0.07,723109,_T,64619493,64619493,DEPEND_RATIO_OLD,29.894
GBR,2015,United Kingdom,0.26,819616,_T,65088058,65088058,DEPEND_RATIO_OLD,30.209
GBR,2016,United Kingdom,0.38,905737,_T,65607141,65607141,DEPEND_RATIO_OLD,30.49
GBR,2017,United Kingdom,0.18,898842,_T,65965992,65965992,DEPEND_RATIO_OLD,30.763
GBR,2018,United Kingdom,0.44,886975,_T,66288927,66288927,DEPEND_RATIO_OLD,31.05
GBR,2019,United Kingdom,0.96,913932,_T,66630707,66630707,DEPEND_RATIO_OLD,31.437
GBR,2020,United Kingdom,1.24,255533,_T,66744067,66744067,DEPEND_RATIO_OLD,31.727
GBR,2021,United Kingdom,0.06,212215,_T,66983488,66983488,DEPEND_RATIO_OLD,32.088
GBR,2022,United Kingdom,2.34,790057,_T,67603461,67603461,DEPEND_RATIO_OLD,32.361
GBR,2023,United Kingdom,0.24,1004672,_T,68265209,68265209,DEPEND_RATIO_OLD,32.361
GBR,2024,United Kingdom,,1156047,_T,69517207,69517207,DEPEND_RATIO_OLD,32.573
IRL,1992,Ireland,0.0,0,_T,3554500,3554500,DEPEND_RATIO_OLD,21.532
IRL,1993,Ireland,0.0,0,_T,3574100,3574100,DEPEND_RATIO_OLD,21.264
IRL,1994,Ireland,0.0,0,_T,3585900,3585900,DEPEND_RATIO_OLD,20.98
IRL,1995,Ireland,0.0,0,_T,3601300,3601300,DEPEND_RATIO_OLD,20.805
IRL,1996,Ireland,0.0,0,_T,3626087,3626087,DEPEND_RATIO_OLD,20.558
IRL,1997,Ireland,0.0,0,_T,3664313,3664313,DEPEND_RATIO_OLD,20.223
IRL,1998,Ireland,0.0,0,_T,3703082,3703082,DEPEND_RATIO_OLD,19.979
IRL,1999,Ireland,0.0,0,_T,3741647,3741647,DEPEND_RATIO_OLD,19.618
IRL,2000,Ireland,0.0,1012,_T,3789536,3789536,DEPEND_RATIO_OLD,19.239
IRL,2001,Ireland,0.0,846,_T,3847198,3847198,DEPEND_RATIO_OLD,18.939
IRL,2002,Ireland,0.0,547,_T,3917203,3917203,DEPEND_RATIO_OLD,18.628
IRL,2003,Ireland,0.0,624,_T,3979853,3979853,DEPEND_RATIO_OLD,18.424
IRL,2004,Ireland,0.0,831,_T,4045188,4045188,DEPEND_RATIO_OLD,18.33
IRL,2005,Ireland,0.0,26961,_T,4133839,4133839,DEPEND_RATIO_OLD,18.147
IRL,2006,Ireland,0.0,35245,_T,4232929,4232929,DEPEND_RATIO_OLD,17.684
IRL,2007,Ireland,0.0,28077,_T,4375842,4375842,DEPEND_RATIO_OLD,17.259
IRL,2008,Ireland,0.0,29899,_T,4485070,4485070,DEPEND_RATIO_OLD,17.324
IRL,2009,Ireland,0.0,20461,_T,4533395,4533395,DEPEND_RATIO_OLD,17.794
IRL,2010,Ireland,0.0,20607,_T,4554763,4554763,DEPEND_RATIO_OLD,18.444
IRL,2011,Ireland,0.0,27418,_T,4574888,4574888,DEPEND_RATIO_OLD,19.083
IRL,2012,Ireland,0.0,27524,_T,4593697,4593697,DEPEND_RATIO_OLD,19.828
IRL,2013,Ireland,0.0,29336,_T,4614669,4614669,DEPEND_RATIO_OLD,20.569
IRL,2014,Ireland,0.0,42104,_T,4645440,4645440,DEPEND_RATIO_OLD,21.297
IRL,2015,Ireland,0.0,44378,_T,4687787,4687787,DEPEND_RATIO_OLD,21.955
IRL,2016,Ireland,0.0,52052,_T,4739597,4739597,DEPEND_RATIO_OLD,22.47
IRL,2017,Ireland,0.0,61857,_T,4810895,4810895,DEPEND_RATIO_OLD,22.984
IRL,2018,Ireland,0.06,67668,_T,4884896,4884896,DEPEND_RATIO_OLD,23.52
IRL,2019,Ireland,0.0,69277,_T,4958471,4958471,DEPEND_RATIO_OLD,24.024
IRL,2020,Ireland,0.0,20085,_T,5029875,5029875,DEPEND_RATIO_OLD,24.509
IRL,2021,Ireland,0.0,30585,_T,5074668,5074668,DEPEND_RATIO_OLD,24.993
IRL,2022,Ireland,0.05,85665,_T,5183966,5183966,DEPEND_RATIO_OLD,25.611
IRL,2023,Ireland,0.0,123238,_T,5281612,5281612,DEPEND_RATIO_OLD,25.891
IRL,2024,Ireland,,122794,_T,5380313,5380313,DEPEND_RATIO_OLD,26.22
ISL,1992,Iceland,0.0,56,_T,261053,261053,DEPEND_RATIO_OLD,19.211
ISL,1993,Iceland,0.0,33,_T,263730,263730,DEPEND_RATIO_OLD,19.362
ISL,1994,Iceland,0.0,28,_T,266021,266021,DEPEND_RATIO_OLD,19.571
ISL,1995,Iceland,0.0,24,_T,267467,267467,DEPEND_RATIO_OLD,19.895
ISL,1996,Iceland,0.0,62,_T,268918,268918,DEPEND_RATIO_OLD,20.159
ISL,1997,Iceland,0.0,51,_T,271130,271130,DEPEND_RATIO_OLD,20.313
ISL,1998,Iceland,0.0,18,_T,274049,274049,DEPEND_RATIO_OLD,20.349
ISL,1999,Iceland,0.0,3,_T,277384,277384,DEPEND_RATIO_OLD,20.257
ISL,2000,Iceland,0.0,3533,_T,281200,281200,DEPEND_RATIO_OLD,20.125
ISL,2001,Iceland,0.0,2714,_T,284970,284970,DEPEND_RATIO_OLD,20.048
ISL,2002,Iceland,0.0,3062,_T,287516,287516,DEPEND_RATIO_OLD,20.074
ISL,2003,Iceland,0.0,5151,_T,289522,289522,DEPEND_RATIO_OLD,20.116
ISL,2004,Iceland,0.0,4182,_T,292077,292077,DEPEND_RATIO_OLD,20.108
ISL,2005,Iceland,0.0,91562,_T,296734,296734,DEPEND_RATIO_OLD,19.933
ISL,2006,Iceland,0.0,93749,_T,303784,303784,DEPEND_RATIO_OLD,19.591
ISL,2007,Iceland,0.0,102739,_T,311567,311567,DEPEND_RATIO_OLD,19.315
ISL,2008,Iceland,0.0,63459,_T,317404,317404,DEPEND_RATIO_OLD,19.306
ISL,2009,Iceland,0.0,25235,_T,318501,318501,DEPEND_RATIO_OLD,19.748
ISL,2010,Iceland,0.0,31692,_T,318044,318044,DEPEND_RATIO_OLD,20.398
ISL,2011,Iceland,0.0,37574,_T,312510,312510,DEPEND_RATIO_OLD,21.48
ISL,2012,Iceland,0.0,40193,_T,314498,314498,DEPEND_RATIO_OLD,22.037
ISL,2013,Iceland,0.0,42466,_T,317765,317765,DEPEND_RATIO_OLD,22.535
ISL,2014,Iceland,0.0,47089,_T,321378,321378,DEPEND_RATIO_OLD,23.016
ISL,2015,Iceland,0.0,48903,_T,324530,324530,DEPEND_RATIO_OLD,23.573
ISL,2016,Iceland,0.0,52445,_T,329272,329272,DEPEND_RATIO_OLD,23.895
ISL,2017,Iceland,0.0,66457,_T,337346,337346,DEPEND_RATIO_OLD,23.871
ISL,2018,Iceland,0.0,68205,_T,345821,345821,DEPEND_RATIO_OLD,23.925
ISL,2019,Iceland,0.0,70669,_T,351754,351754,DEPEND_RATIO_OLD,24.306
ISL,2020,Iceland,0.0,17756,_T,356165,356165,DEPEND_RATIO_OLD,24.917
ISL,2021,Iceland,0.0,35562,_T,361606,361606,DEPEND_RATIO_OLD,25.535
ISL,2022,Iceland,0.0,97648,_T,370069,370069,DEPEND_RATIO_OLD,25.821
ISL,2023,Iceland,0.0,97538,_T,379470,379470,DEPEND_RATIO_OLD,25.943
ISL,2024,Iceland,,94999,_T,386583,386583,DEPEND_RATIO_OLD,26.28
ITA,1992,Italy,15.48,213172,_T,56797078,56797078,DEPEND_RATIO_OLD,25.31
ITA,1993,Italy,19.22,167243,_T,56831823,56831823,DEPEND_RATIO_OLD,25.792
ITA,1994,Italy,26.88,180496,_T,56843400,56843400,DEPEND_RATIO_OLD,26.238
ITA,1995,Italy,12.62,164349,_T,56844301,56844301,DEPEND_RATIO_OLD,26.773
ITA,1996,Italy,10.53,200305,_T,56860279,56860279,DEPEND_RATIO_OLD,27.357
ITA,1997,Italy,13.24,195137,_T,56890371,56890371,DEPEND_RATIO_OLD,27.865
ITA,1998,Italy,26.96,196669,_T,56906744,56906744,DEPEND_RATIO_OLD,28.351
ITA,1999,Italy,18.58,194860,_T,56916316,56916316,DEPEND_RATIO_OLD,28.86
ITA,2000,Italy,19.32,196395,_T,56942108,56942108,DEPEND_RATIO_OLD,29.419
ITA,2001,Italy,21.01,192671,_T,56976976,56976976,DEPEND_RATIO_OLD,29.968
ITA,2002,Italy,13.89,187694,_T,57089823,57089823,DEPEND_RATIO_OLD,30.475
ITA,2003,Italy,41.89,195500,_T,57399187,57399187,DEPEND_RATIO_OLD,30.92
ITA,2004,Italy,18.31,206755,_T,57828178,57828178,DEPEND_RATIO_OLD,31.422
ITA,2005,Italy,17.2,208034,_T,58166684,58166684,DEPEND_RATIO_OLD,32.082
ITA,2006,Italy,23.72,199690,_T,58399863,58399863,DEPEND_RATIO_OLD,32.69
ITA,2007,Italy,23.74,191026,_T,58756247,58756247,DEPEND_RATIO_OLD,33.053
ITA,2008,Italy,26.1,185013,_T,59211183,59211183,DEPEND_RATIO_OLD,33.258
ITA,2009,Italy,25.79,201730,_T,59555456,59555456,DEPEND_RATIO_OLD,33.476
ITA,2010,Italy,18.21,217996,_T,59819402,59819402,DEPEND_RATIO_OLD,33.659
ITA,2011,Italy,21.37,216766,_T,60026844,60026844,DEPEND_RATIO_OLD,34.127
ITA,2012,Italy,35.32,223991,_T,60191243,60191243,DEPEND_RATIO_OLD,34.847
ITA,2013,Italy,20.03,248926,_T,60311616,60311616,DEPEND_RATIO_OLD,35.547
ITA,2014,Italy,12.51,279928,_T,60320708,60320708,DEPEND_RATIO_OLD,36.303
ITA,2015,Italy,31.52,281628,_T,60229599,60229599,DEPEND_RATIO_OLD,36.965
ITA,2016,Italy,19.83,341453,_T,60115220,60115220,DEPEND_RATIO_OLD,37.525
ITA,2017,Italy,33.78,343809,_T,60002254,60002254,DEPEND_RATIO_OLD,38.008
ITA,2018,Italy,20.82,375841,_T,59877216,59877216,DEPEND_RATIO_OLD,38.463
ITA,2019,Italy,30.47,386727,_T,59729077,59729077,DEPEND_RATIO_OLD,39.047
ITA,2020,Italy,24.1,80605,_T,59438845,59438845,DEPEND_RATIO_OLD,39.724
ITA,2021,Italy,30.58,161564,_T,59133173,59133173,DEPEND_RATIO_OLD,40.322
ITA,2022,Italy,41.4,337401,_T,59013671,59013671,DEPEND_RATIO_OLD,40.799
ITA,2023,Italy,32.54,410617,_T,58984217,58984217,DEPEND_RATIO_OLD,41.309
ITA,2024,Italy,,484353,_T,58952700,58952700,DEPEND_RATIO_OLD,41.972
NLD,1992,Netherlands,1.14,1275478,_T,15184163,15184163,DEPEND_RATIO_OLD,20.858
NLD,1993,Netherlands,0.24,988851,_T,15290368,15290368,DEPEND_RATIO_OLD,20.92
NLD,1994,Netherlands,6.67,1044004,_T,15382834,15382834,DEPEND_RATIO_OLD,21.036
NLD,1995,Netherlands,6.27,1171302,_T,15459004,15459004,DEPEND_RATIO_OLD,21.224
NLD,1996,Netherlands,1.26,1121585,_T,15530500,15530500,DEPEND_RATIO_OLD,21.412
NLD,1997,Netherlands,3.05,1087017,_T,15610650,15610650,DEPEND_RATIO_OLD,21.582
NLD,1998,Netherlands,2.05,1006153,_T,15707205,15707205,DEPEND_RATIO_OLD,21.719
NLD,1999,Netherlands,1.12,968978,_T,15812085,15812085,DEPEND_RATIO_OLD,21.823
NLD,2000,Netherlands,1.66,946526,_T,15925505,15925505,DEPEND_RATIO_OLD,21.916
NLD,2001,Netherlands,2.85,970897,_T,16046182,16046182,DEPEND_RATIO_OLD,22.009
NLD,2002,Netherlands,2.7,956839,_T,16148921,16148921,DEPEND_RATIO_OLD,22.13
NLD,2003,Netherlands,7.24,1101480,_T,16225303,16225303,DEPEND_RATIO_OLD,22.333
NLD,2004,Netherlands,2.67,1151416,_T,16281777,16281777,DEPEND_RATIO_OLD,22.645
NLD,2005,Netherlands,2.82,1102407,_T,16319871,16319871,DEPEND_RATIO_OLD,23.03
NLD,2006,Netherlands,7.48,1175604,_T,16346096,16346096,DEPEND_RATIO_OLD,23.423
NLD,2007,Netherlands,0.53,1212486,_T,16381696,16381696,DEPEND_RATIO_OLD,23.817
NLD,2008,Netherlands,1.07,1198728,_T,16445590,16445590,DEPEND_RATIO_OLD,24.275
NLD,2009,Netherlands,1.59,1109922,_T,16530387,16530387,DEPEND_RATIO_OLD,24.817
NLD,2010,Netherlands,4.42,1121447,_T,16615390,16615390,DEPEND_RATIO_OLD,25.343
NLD,2011,Netherlands,1.3,1049672,_T,16693074,16693074,DEPEND_RATIO_OLD,26.208
NLD,2012,Netherlands,1.85,933754,_T,16754963,16754963,DEPEND_RATIO_OLD,27.424
NLD,2013,Netherlands,4.58,929480,_T,16804430,16804430,DEPEND_RATIO_OLD,28.505
NLD,2014,Netherlands,1.61,984839,_T,16865008,16865008,DEPEND_RATIO_OLD,29.443
NLD,2015,Netherlands,4.09,1113704,_T,16939925,16939925,DEPEND_RATIO_OLD,30.253
NLD,2016,Netherlands,4.34,1265834,_T,17030314,17030314,DEPEND_RATIO_OLD,30.946
NLD,2017,Netherlands,2.52,1346616,_T,17131295,17131295,DEPEND_RATIO_OLD,31.621
NLD,2018,Netherlands,7.09,1378384,_T,17231622,17231622,DEPEND_RATIO_OLD,32.269
NLD,2019,Netherlands,9.31,1464192,_T,17344876,17344876,DEPEND_RATIO_OLD,32.849
NLD,2020,Netherlands,8.31,451518,_T,17441500,17441500,DEPEND_RATIO_OLD,33.392
NLD,2021,Netherlands,1.26,740388,_T,17533048,17533048,DEPEND_RATIO_OLD,33.895
NLD,2022,Netherlands,6.82,1724619,_T,17700981,17700981,DEPEND_RATIO_OLD,34.284
NLD,2023,Netherlands,3.76,1809038,_T,17877121,17877121,DEPEND_RATIO_OLD,34.672
NLD,2024,Netherlands,,1829108,_T,17994238,17994238,DEPEND_RATIO_OLD,35.222
NOR,1992,Norway,0.0,1557092,_T,4286397,4286397,DEPEND_RATIO_OLD,28.11
NOR,1993,Norway,0.0,1651075,_T,4311984,4311984,DEPEND_RATIO_OLD,27.806
NOR,1994,Norway,0.03,1661645,_T,4336614,4336614,DEPEND_RATIO_OLD,27.518
NOR,1995,Norway,0.0,1482748,_T,4359187,4359187,DEPEND_RATIO_OLD,27.289
NOR,1996,Norway,0.0,1707104,_T,4381339,4381339,DEPEND_RATIO_OLD,27.081
NOR,1997,Norway,0.01,1884710,_T,4405158,4405158,DEPEND_RATIO_OLD,26.86
NOR,1998,Norway,0.0,1990024,_T,4431465,4431465,DEPEND_RATIO_OLD,26.549
NOR,1999,Norway,0.0,1952288,_T,4461915,4461915,DEPEND_RATIO_OLD,26.138
NOR,2000,Norway,0.0,2091732,_T,4490973,4490973,DEPEND_RATIO_OLD,25.736
NOR,2001,Norway,0.02,2055563,_T,4513747,4513747,DEPEND_RATIO_OLD,25.416
NOR,2002,Norway,0.01,2300662,_T,4538157,4538157,DEPEND_RATIO_OLD,25.128
NOR,2003,Norway,0.02,2394809,_T,4564856,4564856,DEPEND_RATIO_OLD,24.92
NOR,2004,Norway,0.01,2296020,_T,4591909,4591909,DEPEND_RATIO_OLD,24.84
NOR,2005,Norway,0.06,2200654,_T,4623293,4623293,DEPEND_RATIO_OLD,24.812
NOR,2006,Norway,0.02,2285723,_T,4660673,4660673,DEPEND_RATIO_OLD,24.725
NOR,2007,Norway,0.04,2473788,_T,4709156,4709156,DEPEND_RATIO_OLD,24.613
NOR,2008,Norway,0.17,2310292,_T,4768215,4768215,DEPEND_RATIO_OLD,24.598
NOR,2009,Norway,0.08,2116026,_T,4828716,4828716,DEPEND_RATIO_OLD,24.788
NOR,2010,Norway,0.0,2260235,_T,4889253,4889253,DEPEND_RATIO_OLD,25.134
NOR,2011,Norway,0.0,2420895,_T,4953089,4953089,DEPEND_RATIO_OLD,25.589
NOR,2012,Norway,0.0,2463853,_T,5018574,5018574,DEPEND_RATIO_OLD,26.079
NOR,2013,Norway,0.0,2477241,_T,5080171,5080171,DEPEND_RATIO_OLD,26.512
NOR,2014,Norway,0.29,2532262,_T,5137427,5137427,DEPEND_RATIO_OLD,26.943
NOR,2015,Norway,0.0,2651802,_T,5189898,5189898,DEPEND_RATIO_OLD,27.378
NOR,2016,Norway,0.0,2557408,_T,5236152,5236152,DEPEND_RATIO_OLD,27.817
NOR,2017,Norway,0.0,2439822,_T,5276965,5276965,DEPEND_RATIO_OLD,28.299
NOR,2018,Norway,0.31,2355855,_T,5311916,5311916,DEPEND_RATIO_OLD,28.849
NOR,2019,Norway,0.31,2350957,_T,5347893,5347893,DEPEND_RATIO_OLD,29.39
NOR,2020,Norway,0.05,691742,_T,5379472,5379472,DEPEND_RATIO_OLD,29.97
NOR,2021,Norway,0.03,422416,_T,5408320,5408320,DEPEND_RATIO_OLD,30.603
NOR,2022,Norway,0.03,2273607,_T,5457129,5457129,DEPEND_RATIO_OLD,31.084
NOR,2023,Norway,0.01,1817217,_T,5519596,5519596,DEPEND_RATIO_OLD,31.474
NOR,2024,Norway,,1602530,_T,5572273,5572273,DEPEND_RATIO_OLD,31.955
PRT,1992,Portugal,35.84,6,_T,9952493,9952493,DEPEND_RATIO_OLD,24.168
PRT,1993,Portugal,29.92,0,_T,9964674,9964674,DEPEND_RATIO_OLD,24.49
PRT,1994,Portugal,32.96,0,_T,9991525,9991525,DEPEND_RATIO_OLD,24.793
PRT,1995,Portugal,34.82,61,_T,10026176,10026176,DEPEND_RATIO_OLD,25.102
PRT,1996,Portugal,33.78,100,_T,10063945,10063945,DEPEND_RATIO_OLD,25.402
PRT,1997,Portugal,26.39,6,_T,10108977,10108977,DEPEND_RATIO_OLD,25.718
PRT,1998,Portugal,37.26,0,_T,10160196,10160196,DEPEND_RATIO_OLD,26.051
PRT,1999,Portugal,31.94,21,_T,10217828,10217828,DEPEND_RATIO_OLD,26.331
PRT,2000,Portugal,37.54,1413,_T,10289898,10289898,DEPEND_RATIO_OLD,26.681
PRT,2001,Portugal,37.42,776,_T,10362722,10362722,DEPEND_RATIO_OLD,27.06
PRT,2002,Portugal,28.18,1427,_T,10419631,10419631,DEPEND_RATIO_OLD,27.322
PRT,2003,Portugal,44.36,610,_T,10458821,10458821,DEPEND_RATIO_OLD,27.565
PRT,2004,Portugal,42.79,869,_T,10483861,10483861,DEPEND_RATIO_OLD,27.891
PRT,2005,Portugal,50.89,14671,_T,10503330,10503330,DEPEND_RATIO_OLD,28.222
PRT,2006,Portugal,50.55,17421,_T,10522288,10522288,DEPEND_RATIO_OLD,28.513
PRT,2007,Portugal,27.83,15743,_T,10542964,10542964,DEPEND_RATIO_OLD,28.813
PRT,2008,Portugal,28.91,27911,_T,10558177,10558177,DEPEND_RATIO_OLD,29.185
PRT,2009,Portugal,43.35,19835,_T,10568247,10568247,DEPEND_RATIO_OLD,29.667
PRT,2010,Portugal,49.61,22447,_T,10573100,10573100,DEPEND_RATIO_OLD,30.321
PRT,2011,Portugal,39.06,21803,_T,10574536,10574536,DEPEND_RATIO_OLD,31.325
PRT,2012,Portugal,40.37,26213,_T,10531420,10531420,DEPEND_RATIO_OLD,31.985
PRT,2013,Portugal,47.9,24773,_T,10473991,10473991,DEPEND_RATIO_OLD,32.779
PRT,2014,Portugal,26.69,53910,_T,10419607,10419607,DEPEND_RATIO_OLD,33.711
PRT,2015,Portugal,45.32,79335,_T,10381838,10381838,DEPEND_RATIO_OLD,34.612
PRT,2016,Portugal,53.69,52011,_T,10356516,10356516,DEPEND_RATIO_OLD,35.514
PRT,2017,Portugal,55.03,49072,_T,10340124,10340124,DEPEND_RATIO_OLD,36.441
PRT,2018,Portugal,40.68,54208,_T,10334633,10334633,DEPEND_RATIO_OLD,37.339
PRT,2019,Portugal,38.52,52466,_T,10354446,10354446,DEPEND_RATIO_OLD,38.276
PRT,2020,Portugal,52.23,13956,_T,10384846,10384846,DEPEND_RATIO_OLD,39.243
PRT,2021,Portugal,35.03,24757,_T,10407707,10407707,DEPEND_RATIO_OLD,40.12
PRT,2022,Portugal,54.97,56151,_T,10468869,10468869,DEPEND_RATIO_OLD,40.787
PRT,2023,Portugal,52.53,73716,_T,10578174,10578174,DEPEND_RATIO_OLD,41.258
PRT,2024,Portugal,,95184,_T,10701128,10701128,DEPEND_RATIO_OLD,41.672
SWE,1992,Sweden,0.13,3038262,_T,8668065,8668065,DEPEND_RATIO_OLD,30.661
SWE,1993,Sweden,0.0,2276078,_T,8718558,8718558,DEPEND_RATIO_OLD,30.503
SWE,1994,Sweden,1.66,2193737,_T,8780741,8780741,DEPEND_RATIO_OLD,30.3
SWE,1995,Sweden,0.03,1955260,_T,8826944,8826944,DEPEND_RATIO_OLD,30.161
SWE,1996,Sweden,0.0,2086984,_T,8840999,8840999,DEPEND_RATIO_OLD,30.089
SWE,1997,Sweden,0.03,2220779,_T,8846059,8846059,DEPEND_RATIO_OLD,30.003
SWE,1998,Sweden,0.0,2183957,_T,8850975,8850975,DEPEND_RATIO_OLD,29.867
SWE,1999,Sweden,0.03,2284986,_T,8857879,8857879,DEPEND_RATIO_OLD,29.668
SWE,2000,Sweden,0.03,2577709,_T,8872112,8872112,DEPEND_RATIO_OLD,29.465
SWE,2001,Sweden,0.1,2309639,_T,8895963,8895963,DEPEND_RATIO_OLD,29.31
SWE,2002,Sweden,0.01,2243705,_T,8924960,8924960,DEPEND_RATIO_OLD,29.197
SWE,2003,Sweden,0.17,2233658,_T,8958232,8958232,DEPEND_RATIO_OLD,29.161
SWE,2004,Sweden,0.01,2162910,_T,8993534,8993534,DEPEND_RATIO_OLD,29.256
SWE,2005,Sweden,0.07,2013126,_T,9029567,9029567,DEPEND_RATIO_OLD,29.37
SWE,2006,Sweden,0.33,2019178,_T,9080506,9080506,DEPEND_RATIO_OLD,29.449
SWE,2007,Sweden,0.13,1956623,_T,9148093,9148093,DEPEND_RATIO_OLD,29.65
SWE,2008,Sweden,0.16,1830515,_T,9219639,9219639,DEPEND_RATIO_OLD,30.06
SWE,2009,Sweden,0.04,1419246,_T,9298512,9298512,DEPEND_RATIO_OLD,30.634
SWE,2010,Sweden,0.49,1615452,_T,9378131,9378131,DEPEND_RATIO_OLD,31.287
SWE,2011,Sweden,0.09,1790358,_T,9449216,9449216,DEPEND_RATIO_OLD,31.97
SWE,2012,Sweden,0.0,1821574,_T,9519379,9519379,DEPEND_RATIO_OLD,32.63
SWE,2013,Sweden,0.0,1912204,_T,9600374,9600374,DEPEND_RATIO_OLD,33.236
SWE,2014,Sweden,0.54,1926639,_T,9696105,9696105,DEPEND_RATIO_OLD,33.771
SWE,2015,Sweden,0.07,1899784,_T,9799183,9799183,DEPEND_RATIO_OLD,34.192
SWE,2016,Sweden,0.0,1891691,_T,9923086,9923086,DEPEND_RATIO_OLD,34.446
SWE,2017,Sweden,0.0,1904330,_T,10057695,10057695,DEPEND_RATIO_OLD,34.628
SWE,2018,Sweden,1.85,1880787,_T,10175215,10175215,DEPEND_RATIO_OLD,34.874
SWE,2019,Sweden,0.8,1774734,_T,10278888,10278888,DEPEND_RATIO_OLD,35.131
SWE,2020,Sweden,0.38,428874,_T,10353444,10353444,DEPEND_RATIO_OLD,35.393
SWE,2021,Sweden,0.39,640465,_T,10415812,10415812,DEPEND_RATIO_OLD,35.711
SWE,2022,Sweden,0.69,1751402,_T,10486941,10486941,DEPEND_RATIO_OLD,36.011
SWE,2023,Sweden,0.0,1486259,_T,10536631,10536631,DEPEND_RATIO_OLD,36.309
SWE,2024,Sweden,,1428028,_T,10569710,10569710,DEPEND_RATIO_OLD,36.693
USA,1992,United States,38.33,310229,_T,256514224,256514224,DEPEND_RATIO_OLD,21.469
USA,1993,United States,43.27,296629,_T,259918588,259918588,DEPEND_RATIO_OLD,21.583
USA,1994,United States,48.32,309796,_T,263125821,263125821,DEPEND_RATIO_OLD,21.627
USA,1995,United States,47.53,289083,_T,266278393,266278393,DEPEND_RATIO_OLD,21.666
USA,1996,United States,44.79,276846,_T,269394284,269394284,DEPEND_RATIO_OLD,21.661
USA,1997,United States,41.16,282177,_T,272646925,272646925,DEPEND_RATIO_OLD,21.533
USA,1998,United States,51.98,297597,_T,275854104,275854104,DEPEND_RATIO_OLD,21.381
USA,1999,United States,45.98,292573,_T,279040168,279040168,DEPEND_RATIO_OLD,21.192
USA,2000,United States,52.24,335915,_T,282162411,282162411,DEPEND_RATIO_OLD,21.061
USA,2001,United States,49.31,348320,_T,284968955,284968955,DEPEND_RATIO_OLD,20.91
USA,2002,United States,55.19,308625,_T,287625193,287625193,DEPEND_RATIO_OLD,20.782
USA,2003,United States,48.68,312033,_T,290107933,290107933,DEPEND_RATIO_OLD,20.752
USA,2004,United States,41.03,349345,_T,292805298,292805298,DEPEND_RATIO_OLD,20.706
USA,2005,United States,55.46,377101,_T,295516599,295516599,DEPEND_RATIO_OLD,20.722
USA,2006,United States,56.36,412925,_T,298379912,298379912,DEPEND_RATIO_OLD,20.775
USA,2007,United States,56.82,357745,_T,301231207,301231207,DEPEND_RATIO_OLD,20.938
USA,2008,United States,48.54,347473,_T,304093966,304093966,DEPEND_RATIO_OLD,21.283
USA,2009,United States,45.17,360352,_T,306771529,306771529,DEPEND_RATIO_OLD,21.55
USA,2010,United States,56.91,381516,_T,309327143,309327143,DEPEND_RATIO_OLD,21.802
USA,2011,United States,59.97,408289,_T,311583481,311583481,DEPEND_RATIO_OLD,22.066
USA,2012,United States,63.12,424575,_T,313877662,313877662,DEPEND_RATIO_OLD,22.913
USA,2013,United States,51.43,452333,_T,316059947,316059947,DEPEND_RATIO_OLD,23.595
USA,2014,United States,48.51,483282,_T,318386329,318386329,DEPEND_RATIO_OLD,24.284
USA,2015,United States,52.44,576031,_T,320738994,320738994,DEPEND_RATIO_OLD,24.956
USA,2016,United States,57.69,632378,_T,323071755,323071755,DEPEND_RATIO_OLD,25.669
USA,2017,United States,55.2,709594,_T,325122128,325122128,DEPEND_RATIO_OLD,26.402
USA,2018,United States,60.6,787206,_T,326838199,326838199,DEPEND_RATIO_OLD,27.193
USA,2019,United States,56.07,836536,_T,328329953,328329953,DEPEND_RATIO_OLD,28.054
USA,2020,United States,61.05,139782,_T,331526933,331526933,DEPEND_RATIO_OLD,28.039
USA,2021,United States,59.33,199874,_T,332048977,332048977,DEPEND_RATIO_OLD,28.812
USA,2022,United States,62.87,722571,_T,333271411,333271411,DEPEND_RATIO_OLD,29.639
USA,2023,United States,55.71,969963,_T,334914895,334914895,DEPEND_RATIO_OLD,30.526
USA,2024,United States,,1140407,_T,336673595,336673595,DEPEND_RATIO_OLD,31.413
